"","PLT_CN","LAT","LON"
"1",20218604010478,30.820101,-86.580332
"2",20221309010478,29.610953,-81.791887
"3",20223337010478,30.012443,-82.817479
"4",20223805010478,28.73787,-80.992647
"5",20224029010478,30.229592,-84.454946
"6",20224497010478,30.507525,-86.100857
"7",20224798010478,30.596978,-85.492829
"8",20225825010478,27.125096,-81.639645
"9",20226144010478,30.530833,-81.599308
"10",20226892010478,30.628317,-84.480352
"11",20227587010478,29.99899,-85.134619
"12",20230632010478,30.241594,-83.316731
"13",20231060010478,26.489282,-81.866392
"14",20233384010478,30.499431,-86.674514
"15",20233591010478,29.432915,-82.766471
"16",20234320010478,30.034202,-84.85125
"17",20234959010478,30.359213,-83.601829
"18",20235963010478,29.107763,-82.323619
"19",20238407010478,30.664638,-81.725982
"20",20242517010478,30.364438,-81.849022
"21",20243191010478,30.921527,-87.431096
"22",20244828010478,30.695359,-84.604812
"23",20248419010478,27.544667,-81.220934
"24",20249264010478,30.974064,-85.681206
"25",20256107010478,29.753549,-82.656463
"26",20257547010478,30.351536,-85.906007
"27",20260044010478,28.802947,-82.441381
"28",20260555010478,29.777368,-81.967688
"29",20262341010478,30.577981,-82.55941
"30",20262464010478,30.064205,-82.529616
"31",20357525010478,28.511403,-82.001884
"32",20358658010478,30.050159,-83.708236
"33",20363488010478,30.653676,-86.376489
"34",20366929010478,30.311956,-85.039446
"35",20634870010478,35.125854,-86.027752
"36",20635049010478,36.144769,-82.860695
"37",20635113010478,36.191196,-83.339845
"38",20635397010478,35.581902,-84.033052
"39",20635421010478,35.080648,-84.990173
"40",20635486010478,36.417018,-84.281996
"41",20635549010478,35.912855,-88.566242
"42",20635625010478,36.35411,-87.139553
"43",20635653010478,35.430736,-88.726934
"44",20635971010478,35.780912,-88.090247
"45",20635999010478,35.9966,-85.740208
"46",20636145010478,35.349291,-89.26801
"47",20636507010478,35.697086,-87.566283
"48",20636994010478,35.210908,-88.570283
"49",20637391010478,36.200421,-84.554649
"50",20637529010478,35.784715,-87.920918
"51",20637537010478,36.549368,-85.201869
"52",20637604010478,36.165254,-85.62967
"53",20638037010478,36.52211,-87.768917
"54",20638245010478,36.324721,-83.970446
"55",20643585010478,36.101986,-82.473679
"56",20643678010478,35.775277,-85.693456
"57",20643803010478,35.041849,-87.770451
"58",20643992010478,35.998185,-86.709827
"59",20644103010478,36.151586,-86.288036
"60",20649603010478,35.653469,-87.563304
"61",20649650010478,36.259162,-87.822177
"62",20649847010478,36.572838,-81.695906
"63",20650090010478,35.500182,-87.484456
"64",20650118010478,35.153952,-86.400487
"65",20650675010478,35.350605,-84.199052
"66",20651034010478,35.479843,-87.919079
"67",20651093010478,35.095703,-84.573899
"68",20651134010478,36.077155,-85.417609
"69",20651415010478,36.327694,-84.392862
"70",20651420010478,36.58373,-84.455528
"71",20651689010478,36.170095,-85.850001
"72",20652128010478,35.551717,-86.55955
"73",20652181010478,35.963609,-88.089447
"74",20652279010478,35.659553,-83.774093
"75",20652397010478,36.329724,-84.070699
"76",20652474010478,35.866367,-86.120844
"77",20652582010478,36.31817,-82.052131
"78",20653370010478,36.325752,-84.879536
"79",20653420010478,35.074816,-85.969273
"80",20653659010478,36.341028,-83.464937
"81",20653906010478,36.499396,-83.368855
"82",20653963010478,35.340462,-88.886752
"83",20654011010478,35.040092,-89.145182
"84",20654103010478,35.233045,-88.325869
"85",20654108010478,36.446591,-82.946444
"86",22330388010478,32.775397,-86.488035
"87",22330684010478,31.562469,-87.902154
"88",22330755010478,31.852214,-88.046783
"89",22330789010478,33.318236,-85.824894
"90",22330823010478,33.114192,-86.017237
"91",22331054010478,34.643733,-88.020512
"92",22331169010478,31.602906,-87.076555
"93",22331174010478,31.501286,-86.824288
"94",22331454010478,31.513494,-86.276493
"95",22331741010478,32.081719,-86.922121
"96",22331922010478,32.65298,-86.189651
"97",22332066010478,31.12618,-87.232068
"98",22332090010478,34.179382,-85.969804
"99",22332593010478,31.643479,-85.257918
"100",22332901010478,31.955456,-85.347655
"101",22332976010478,33.03206,-87.138351
"102",22333226010478,31.776227,-86.828216
"103",22333367010478,33.000043,-85.31144
"104",22333574010478,31.720049,-88.150045
"105",22333615010478,31.906181,-88.210311
"106",22333682010478,31.600773,-87.651234
"107",22333936010478,33.785831,-85.557425
"108",22334057010478,34.702555,-87.806791
"109",22334235010478,32.82808,-86.186285
"110",22334299010478,31.259464,-86.301898
"111",22334461010478,31.638442,-86.326424
"112",22334597010478,33.896934,-87.0429
"113",22339654010478,31.239365,-87.633798
"114",22339758010478,30.878274,-87.846282
"115",22342244010478,33.493787,-86.431515
"116",22342306010478,32.378913,-88.209933
"117",22342564010478,32.767773,-85.618247
"118",22343002010478,31.372519,-88.192156
"119",22343126010478,31.962237,-87.487347
"120",22343224010478,34.223855,-87.246594
"121",22343342010478,34.331424,-87.603803
"122",22343385010478,34.385539,-88.032731
"123",22343571010478,32.867545,-87.704619
"124",22343975010478,33.660811,-86.919603
"125",22344029010478,33.498725,-87.277191
"126",22344036010478,33.988769,-87.98096
"127",22344303010478,32.610803,-85.35659
"128",22344682010478,34.753079,-86.779381
"129",22344733010478,32.070053,-87.756214
"130",22344800010478,32.450413,-87.93826
"131",22345107010478,31.040468,-88.404725
"132",22345475010478,32.666597,-87.248153
"133",22345699010478,33.627802,-86.758562
"134",22345783010478,33.388878,-87.006086
"135",22345985010478,34.927763,-88.07137
"136",22346354010478,32.473544,-85.569464
"137",22346646010478,32.314344,-87.88446
"138",22346958010478,30.902223,-88.383339
"139",22347287010478,32.181636,-86.348203
"140",22347373010478,34.325417,-86.658988
"141",22347585010478,33.15582,-88.13661
"142",22347664010478,31.828486,-85.961258
"143",22347825010478,32.373799,-85.320231
"144",22347989010478,33.303245,-88.226408
"145",22348078010478,31.941271,-86.060923
"146",22348180010478,32.137889,-85.093496
"147",22348640010478,33.052361,-85.830402
"148",22348682010478,32.669415,-85.804564
"149",22348816010478,33.331811,-87.820752
"150",22349469010478,30.779237,-87.750893
"151",22349554010478,31.013028,-87.793769
"152",22349727010478,31.937904,-85.408511
"153",22349807010478,32.995628,-87.036275
"154",22349881010478,33.894702,-86.772609
"155",22350290010478,34.077072,-85.681106
"156",23982619010478,34.760089,-80.889757
"157",23982654010478,34.595489,-80.325416
"158",23986738010478,33.923633,-82.023272
"159",23987264010478,34.553804,-81.260761
"160",23988495010478,34.041137,-79.850735
"161",23995030010478,34.36336,-80.750235
"162",23997395010478,34.393446,-82.135342
"163",24013457010478,33.765571,-81.4683
"164",24014752010478,34.47657,-82.546022
"165",24015316010478,33.208894,-80.95174
"166",24016140010478,33.360108,-81.517073
"167",24036329010478,34.525553,-81.411292
"168",24037990010478,33.899771,-79.449006
"169",24041332010478,32.849332,-81.023976
"170",24046818010478,34.226472,-80.418896
"171",24047260010478,33.678408,-81.174617
"172",24048472010478,33.97581,-82.151972
"173",24051699010478,34.695506,-83.044924
"174",24052838010478,33.312562,-80.816193
"175",24053982010478,34.135213,-81.005334
"176",24056031010478,34.988475,-82.099632
"177",24058538010478,33.437354,-79.654059
"178",24060001010478,33.303357,-80.45715
"179",24061558010478,33.962928,-80.816749
"180",24064333010478,34.724434,-81.559501
"181",24064651010478,33.623401,-79.882611
"182",24065092010478,33.795908,-79.603765
"183",24067835010478,33.601647,-81.687238
"184",24068885010478,34.335437,-82.583568
"185",24075115010478,34.729835,-81.145763
"186",24078562010478,32.899671,-80.468253
"187",24079166010478,34.296355,-79.826176
"188",24080896010478,34.784888,-81.012913
"189",24084159010478,34.484127,-80.001055
"190",24084990010478,33.117415,-80.649645
"191",24085817010478,33.693791,-82.112724
"192",24086612010478,34.332842,-81.214072
"193",24088800010478,33.717083,-79.276856
"194",24091577010478,32.78691,-81.126907
"195",24095508010478,34.146301,-80.515218
"196",24096946010478,34.631852,-82.202548
"197",24100305010478,34.678077,-79.783336
"198",24101015010478,34.239623,-81.787483
"199",24104839010478,33.402053,-81.580002
"200",24107474010478,33.209328,-80.083854
"201",24113335010478,34.219134,-81.571916
"202",24116381010478,34.944083,-82.639811
"203",24117074010478,33.837451,-80.876613
"204",24121779010478,34.974942,-81.193761
"205",29098671010478,32.472314,-86.848311
"206",29098735010478,32.170043,-85.91894
"207",29098880010478,32.104553,-85.595903
"208",29098998010478,31.885381,-86.719322
"209",29099103010478,31.944283,-86.874066
"210",29099212010478,32.814894,-85.338103
"211",29099388010478,32.715216,-86.967067
"212",29099480010478,32.016282,-88.242947
"213",29099802010478,33.875663,-85.481428
"214",29099925010478,34.740398,-87.862359
"215",29100037010478,31.412342,-86.883194
"216",29100376010478,32.828298,-86.392131
"217",29100511010478,31.052016,-86.490706
"218",29100598010478,34.116494,-87.041347
"219",29100762010478,34.442256,-85.662119
"220",29100885010478,34.242173,-85.873584
"221",29101153010478,32.43861,-86.135783
"222",29101302010478,31.173079,-85.91948
"223",29101430010478,32.690654,-87.816073
"224",29101511010478,33.044582,-87.968429
"225",29101659010478,31.270465,-85.364338
"226",29101765010478,33.79982,-88.181616
"227",29102653010478,31.991703,-86.160419
"228",29102827010478,33.51374,-88.079843
"229",29102947010478,31.626818,-85.766921
"230",29103065010478,32.206078,-85.022799
"231",29103267010478,32.938134,-85.826529
"232",29103520010478,33.238625,-87.169208
"233",29103705010478,33.550541,-87.207481
"234",29104172010478,31.187966,-88.001024
"235",29104341010478,31.904103,-87.592648
"236",29105383010478,31.361896,-82.718637
"237",29105474010478,33.972877,-83.600142
"238",29105656010478,32.48346,-83.314977
"239",29105747010478,30.839822,-83.574346
"240",29106283010478,33.274264,-82.148811
"241",29106412010478,33.296485,-83.956185
"242",29106663010478,30.983495,-81.787451
"243",29106837010478,33.52227,-85.06748
"244",29107455010478,31.479451,-84.809164
"245",29107591010478,30.822384,-82.916524
"246",29107686010478,32.325864,-81.166173
"247",29107946010478,34.866994,-84.322034
"248",29108048010478,33.420861,-84.490798
"249",29108423010478,34.527183,-83.620981
"250",29108515010478,33.410826,-82.967483
"251",29108783010478,34.312661,-82.863317
"252",29108950010478,34.140597,-83.563404
"253",29109106010478,33.012128,-82.389018
"254",29109165010478,33.056962,-82.566177
"255",29109325010478,33.051366,-83.521721
"256",29109508010478,32.459839,-82.923126
"257",29109642010478,31.767492,-81.317329
"258",29109830010478,31.910846,-81.425365
"259",29109958010478,32.403631,-83.901257
"260",29110088010478,32.305556,-84.465735
"261",29110169010478,33.138334,-84.674738
"262",29110298010478,31.242604,-84.782699
"263",29110442010478,33.585112,-83.817055
"264",29110529010478,33.83273,-83.433675
"265",29110804010478,31.274576,-82.282186
"266",29110902010478,33.37203,-83.235249
"267",29111053010478,31.818769,-85.033828
"268",29111239010478,32.763852,-81.610411
"269",29111308010478,32.039343,-84.276336
"270",29111493010478,33.571893,-82.94213
"271",29111911010478,31.834753,-81.992122
"272",29112067010478,32.522054,-84.175747
"273",29112130010478,32.112476,-82.943161
"274",29112248010478,30.815045,-83.793113
"275",29112499010478,32.769013,-84.275666
"276",29112618010478,33.785744,-82.750825
"277",29112883010478,31.517955,-83.673238
"278",29113036010478,36.97761,-85.98246
"279",29113118010478,38.152283,-83.753879
"280",29113340010478,38.326262,-83.050895
"281",29113473010478,37.730828,-87.098684
"282",29113572010478,37.592128,-84.08342
"283",29113646010478,36.726042,-88.655073
"284",29113782010478,37.835245,-87.773209
"285",29113845010478,36.680054,-89.047942
"286",29113913010478,37.309296,-87.54791
"287",29113996010478,37.420078,-84.011662
"288",29114091010478,38.972081,-84.552876
"289",29114174010478,37.146915,-83.397869
"290",29114230010478,37.090586,-82.90768
"291",29114294010478,37.403598,-84.516337
"292",29114533010478,36.889955,-88.339507
"293",29114589010478,37.770255,-82.380514
"294",29114744010478,37.923781,-83.264746
"295",29114891010478,38.357258,-85.359112
"296",29115086010478,37.469538,-82.391976
"297",29115222010478,38.194141,-83.418142
"298",29115359010478,37.364787,-85.341911
"299",29115451010478,38.61749,-85.341221
"300",29115531010478,36.805172,-84.842379
"301",29117289010478,35.457018,-77.020321
"302",29117571010478,34.02138,-78.289639
"303",29117638010478,35.848693,-81.383949
"304",29117759010478,36.488645,-79.433426
"305",29117853010478,35.6553,-79.183968
"306",29118225010478,34.922519,-77.839584
"307",29118558010478,36.180258,-78.357014
"308",29118647010478,36.240243,-77.772807
"309",29118892010478,35.547659,-83.110555
"310",29119060010478,34.940657,-79.351753
"311",29119637010478,35.163612,-83.12029
"312",29120037010478,35.735325,-81.971087
"313",29120261010478,35.07992,-83.331235
"314",29120657010478,36.11332,-78.979788
"315",29120788010478,34.491288,-78.067713
"316",29120903010478,35.580944,-79.775755
"317",29120994010478,35.729528,-79.829436
"318",29121431010478,36.399152,-79.594335
"319",29121607010478,35.083721,-78.226138
"320",29121728010478,35.264024,-80.279873
"321",29121809010478,36.367624,-80.565806
"322",29121935010478,35.202904,-82.764204
"323",29122005010478,35.830543,-76.199886
"324",29122172010478,35.72162,-78.565817
"325",29122270010478,36.256064,-81.406147
"326",29122382010478,35.926116,-82.335261
"327",29122473010478,35.657702,-83.981075
"328",29122603010478,36.500432,-84.175488
"329",29122805010478,35.738996,-86.116255
"330",29122962010478,35.514313,-88.203178
"331",29123139010478,36.41695,-84.769859
"332",29123263010478,35.149863,-86.942259
"333",29123348010478,35.168442,-89.102067
"334",29123473010478,36.448177,-82.908139
"335",29123585010478,35.746735,-88.358974
"336",29123671010478,36.225323,-88.138209
"337",29123876010478,36.04952,-87.777338
"338",29124002010478,36.435344,-85.739891
"339",29124168010478,36.129721,-83.75888
"340",29124226010478,35.044622,-87.517989
"341",29124348010478,35.513161,-87.293353
"342",29124437010478,35.574054,-84.573903
"343",29125036010478,35.184444,-88.565358
"344",29125136010478,35.604183,-88.941048
"345",29125218010478,35.296706,-84.457668
"346",29125321010478,36.357977,-87.555785
"347",29125877010478,36.291263,-82.500729
"348",29125958010478,35.385182,-87.886742
"349",29126048010478,36.424851,-88.643908
"350",29126152010478,37.691411,-75.809546
"351",29126474010478,37.855359,-78.671751
"352",29126565010478,37.723882,-79.908343
"353",29126634010478,37.401308,-78.896605
"354",29126884010478,38.185606,-79.673125
"355",29126979010478,36.73821,-80.956466
"356",29127150010478,37.519042,-77.664509
"357",29127250010478,37.458439,-78.286377
"358",29127470010478,36.740374,-76.89903
"359",29127616010478,37.924086,-78.039249
"360",29127915010478,38.371797,-77.808611
"361",29128101010478,36.94447,-79.132257
"362",29128280010478,37.134745,-77.277275
"363",29128479010478,37.194995,-80.741946
"364",29128667010478,38.026521,-76.799241
"365",29129053010478,38.703952,-78.826411
"366",29129180010478,37.039329,-81.95889
"367",29129357010478,36.664443,-81.552919
"368",29161807010478,34.311934,-91.674524
"369",29161968010478,36.475495,-92.269612
"370",29162441010478,33.891669,-92.978088
"371",29162586010478,33.936349,-92.356054
"372",29162989010478,34.048711,-91.143999
"373",29163156010478,34.556854,-92.797749
"374",29163273010478,34.270134,-92.301938
"375",29163507010478,33.53965,-93.530699
"376",29163907010478,36.191907,-91.716333
"377",29164071010478,35.727025,-93.642244
"378",29164190010478,34.675565,-91.000945
"379",29164525010478,35.785516,-93.059169
"380",29164699010478,34.159729,-93.483677
"381",29165416010478,33.322734,-92.552596
"382",29165784010478,35.981156,-90.623042
"383",29165891010478,31.217553,-82.088097
"384",29166084010478,32.946187,-81.791453
"385",29166530010478,31.486277,-82.937445
"386",29166830010478,34.429744,-84.229135
"387",29166965010478,30.73198,-84.771558
"388",29167175010478,30.816244,-82.871821
"389",29167349010478,34.361831,-83.94088
"390",29167588010478,33.208869,-82.950487
"391",29167696010478,33.690937,-85.279952
"392",29167898010478,32.856888,-82.366554
"393",29168005010478,31.012123,-83.086517
"394",29168114010478,32.255231,-84.569786
"395",29168208010478,33.034296,-84.754711
"396",29168338010478,34.926548,-83.162073
"397",29168446010478,32.023941,-84.822009
"398",29168546010478,32.588698,-84.08633
"399",29168810010478,31.934329,-82.74593
"400",29168981010478,34.820934,-83.755389
"401",29169224010478,32.546864,-83.32864
"402",29169354010478,31.642469,-81.796638
"403",29169438010478,31.742515,-83.865783
"404",29169569010478,36.97761,-85.98246
"405",29169690010478,38.152283,-83.753879
"406",29169858010478,38.326262,-83.050895
"407",29170042010478,37.730828,-87.098684
"408",29170378010478,37.835245,-87.773209
"409",29170484010478,36.680054,-89.047942
"410",29170564010478,37.309296,-87.54791
"411",29170680010478,37.420078,-84.011662
"412",29170820010478,38.972081,-84.552876
"413",29170948010478,37.146915,-83.397869
"414",29171043010478,37.090586,-82.90768
"415",29171687010478,37.923781,-83.264746
"416",29171909010478,38.357258,-85.359112
"417",29172059010478,37.253684,-83.231079
"418",29172197010478,37.469538,-82.391976
"419",29172374010478,38.194141,-83.418142
"420",29172495010478,37.364787,-85.341911
"421",29172641010478,36.805172,-84.842379
"422",29175278010478,36.096934,-81.976751
"423",29175373010478,35.24497,-76.85437
"424",29175484010478,34.734423,-76.434839
"425",29175730010478,35.177558,-81.411978
"426",29175799010478,34.186891,-78.475188
"427",29175851010478,34.226934,-78.456007
"428",29176103010478,35.334715,-77.144217
"429",29176289010478,36.349236,-78.546463
"430",29176388010478,35.587369,-77.798597
"431",29176707010478,35.433339,-78.991847
"432",29176907010478,35.461221,-82.397406
"433",29177017010478,34.951724,-79.198419
"434",29177127010478,35.5619,-78.540439
"435",29177487010478,35.26119,-83.557826
"436",29177567010478,35.850427,-82.512855
"437",29178158010478,36.044525,-79.148674
"438",29178331010478,36.163351,-76.49994
"439",29178478010478,35.782946,-79.982245
"440",29179113010478,36.536046,-77.960452
"441",29179362010478,36.117743,-80.975262
"442",29179458010478,35.795187,-77.872441
"443",29179555010478,35.956082,-82.21902
"444",29179745010478,37.915143,-80.10381
"445",29180120010478,37.63671,-79.201996
"446",29180356010478,38.273721,-79.005259
"447",29180552010478,38.43267,-79.256472
"448",29180703010478,37.527076,-79.700581
"449",29180809010478,36.69653,-77.758757
"450",29181030010478,37.278267,-79.191903
"451",29181231010478,37.211643,-78.718181
"452",29181703010478,38.5608,-77.991965
"453",29181871010478,38.759921,-77.76209
"454",29182358010478,37.781953,-77.235363
"455",29182633010478,36.635087,-78.704177
"456",29182740010478,36.824973,-80.243161
"457",29182851010478,36.698758,-79.545055
"458",29183130010478,38.963083,-78.374575
"459",29183231010478,38.28436,-77.677735
"460",29183420010478,38.223431,-76.988883
"461",30808092010478,36.765617,-80.0454
"462",30809600010478,38.542196,-79.580695
"463",30818103010478,36.936644,-78.481149
"464",30832745010478,37.139952,-78.476151
"465",30836656010478,38.674109,-78.32162
"466",30837679010478,37.219677,-79.887039
"467",30845505010478,36.669162,-77.12889
"468",30847048010478,38.119658,-77.837044
"469",30852402010478,37.24101,-81.305808
"470",30854098010478,39.081742,-78.449838
"471",30855577010478,37.380353,-80.540409
"472",30863964010478,37.406804,-77.945314
"473",30865176010478,37.632898,-79.044145
"474",30867747010478,38.175395,-79.257657
"475",30872129010478,37.020166,-79.472097
"476",30874312010478,37.083427,-80.921342
"477",30875704010478,37.50471,-79.585845
"478",30884563010478,37.319588,-79.033585
"479",30886884010478,37.928401,-77.236352
"480",30888249010478,36.662112,-80.78397
"481",30893418010478,37.513758,-80.06641
"482",30894812010478,38.420955,-77.972744
"483",30896358010478,37.201039,-82.300286
"484",30897473010478,37.235802,-77.602246
"485",30905013010478,36.863514,-78.946034
"486",52741263010538,44.18396,-70.27684
"487",52751892010538,45.86039,-68.10142
"488",52774840010538,45.9265,-67.99792
"489",52775146010538,47.19134,-69.04324
"490",52781320010538,44.66386,-70.45436
"491",52786635010538,44.67178,-68.36026
"492",52792384010538,45.08464,-70.82722
"493",52793373010538,44.81973,-70.8222
"494",52794754010538,43.95981,-70.7962
"495",52796578010538,44.25917,-70.8118
"496",52807060010538,44.26227,-70.10719
"497",52814871010538,46.49241,-68.69426
"498",52823515010538,44.68313,-69.0832
"499",52835151010538,46.37094,-69.07512
"500",52835578010538,45.10172,-69.42132
"502",52836959010538,46.07092,-69.77859
"503",52847954010538,44.93246,-69.59132
"504",52848187010538,45.48977,-70.50823
"505",52850401010538,45.25577,-67.64987
"506",52857222010538,45.5126,-67.64817
"507",52863327010538,46.74254,-69.14043
"508",52865805010538,46.97402,-68.54911
"509",52865942010538,46.47117,-68.78373
"510",52866061010538,46.89753,-69.24879
"511",52866384010538,46.14358,-67.80277
"512",52869464010538,44.59924,-70.32315
"513",52872861010538,44.87347,-70.27647
"514",52875595010538,44.73046,-68.17328
"515",52880780010538,44.20696,-69.23231
"516",52886981010538,44.51263,-70.52344
"517",52887146010538,44.86985,-71.00227
"518",52892334010538,45.02373,-69.25336
"519",52896389010538,44.95939,-68.6859
"520",52897379010538,44.03853,-70.26729
"521",52897435010538,47.13055,-68.11826
"522",52909880010538,46.14551,-68.52574
"523",52910028010538,45.30739,-68.52858
"524",52921695010538,46.57319,-69.60713
"525",52921847010538,45.40642,-69.13628
"526",52922003010538,46.15654,-69.25493
"527",52922083010538,45.72532,-69.60327
"528",52932795010538,45.72956,-70.32749
"529",52932937010538,46.13064,-69.96908
"530",52933107010538,44.88828,-69.6018
"531",52935355010538,44.47049,-69.25047
"532",52937079010538,45.02692,-67.11466
"533",52942496010538,45.37317,-67.75631
"534",52942606010538,44.88655,-67.47946
"535",52945179010538,43.61287,-70.60871
"536",52957720010538,45.58739,-69.3788
"537",52957873010538,46.35978,-69.43418
"538",52963275010538,46.51946,-69.75325
"539",52964755010538,44.81926,-69.77184
"540",52965330010538,45.65119,-69.78176
"541",52968692010538,45.92663,-69.77951
"542",52968760010538,45.52209,-70.14058
"543",52968871010538,45.10391,-69.78323
"544",52970844010538,44.68186,-69.43126
"545",52971316010538,44.81981,-67.63924
"546",52978104010538,45.0835,-67.66224
"547",52980610010538,43.45533,-70.41127
"548",52996440010538,46.84341,-68.64378
"549",52999858010538,47.21658,-68.67714
"550",53000054010538,46.78664,-69.0707
"551",53000158010538,46.78218,-69.78201
"552",53000302010538,45.93098,-68.35057
"553",53000483010538,46.77242,-68.33395
"554",53002551010538,43.83397,-70.10713
"555",53007770010538,44.38316,-68.72828
"556",53011621010538,44.26219,-68.36063
"557",53011815010538,44.57134,-68.65054
"558",53013416010538,44.2618,-69.74883
"559",53014046010538,44.25503,-69.05536
"560",53017735010538,45.22474,-70.86291
"561",53017886010538,44.73301,-70.64211
"562",53020680010538,44.38858,-70.81745
"563",53029181010538,45.24382,-68.70902
"564",53030776010538,45.09678,-68.35926
"565",53030907010538,46.35337,-68.71664
"566",53031098010538,45.09566,-69.07129
"567",53036771010538,45.873436,-68.911804
"568",53037352010538,45.228975,-69.453647
"569",53042275010538,46.091187,-69.413071
"570",53044836010538,44.799169,-69.410663
"571",53049292010538,45.02846,-69.981712
"572",53051987010538,45.463479,-69.966995
"573",53055641010538,44.59696,-68.921852
"574",53059057010538,44.595795,-67.837143
"575",53059808010538,44.809733,-67.28766
"576",53060774010538,45.013686,-67.82374
"577",53063661010538,45.460573,-67.836387
"578",53068293010538,46.721488,-68.858225
"579",53070906010538,46.72125,-69.949609
"580",53071713010538,43.984386,-70.46105
"581",53073450010538,45.237034,-70.509615
"582",53076513010538,44.599022,-69.955042
"583",53077474010538,44.805083,-70.485539
"584",53088004010538,44.399633,-70.48578
"585",53090221010538,44.154532,-70.988997
"586",53090487010538,44.577367,-70.976848
"587",53090799010538,45.024088,-71.025009
"588",53095446010538,45.241837,-68.325552
"589",53106129010538,46.912847,-68.326336
"590",53109846010538,45.656812,-68.336195
"591",53110494010538,47.123953,-68.874076
"592",53113817010538,46.079862,-68.355033
"593",53694638010538,42.850524,-74.126849
"594",53695590010538,42.393743,-74.387744
"595",53696886010538,42.700449,-76.825752
"596",53702531010538,42.312195,-76.453703
"597",53702913010538,42.001237,-74.654182
"598",53704985010538,43.750268,-73.567619
"599",53709355010538,42.585654,-78.150011
"600",53711360010538,43.29265,-74.514011
"601",53712070010538,43.668416,-74.949518
"602",53712655010538,43.394702,-74.88249
"603",53713873010538,43.748838,-75.965465
"604",53715636010538,44.075729,-75.288494
"605",53716002010538,43.627653,-75.61361
"606",53717954010538,42.66392,-77.517925
"607",53721473010538,43.234349,-75.831034
"608",53723983010538,41.581994,-74.356425
"609",53728599010538,42.491,-73.780363
"610",53733945010538,44.144805,-74.617861
"611",53734170010538,42.947184,-73.721409
"612",53735302010538,44.575026,-74.318557
"613",53740581010538,42.214164,-77.777805
"614",53742260010538,42.081649,-75.734584
"615",53743007010538,42.248285,-78.825109
"616",53750260010538,44.960854,-73.77448
"617",53750911010538,42.179425,-73.749003
"618",53755829010538,42.968318,-78.594668
"619",53758532010538,43.869812,-73.903837
"620",53760608010538,44.160611,-73.944769
"621",53761733010538,43.732024,-74.265377
"622",53905727010538,43.178431,-75.044877
"623",53907182010538,43.592768,-75.096011
"624",53909448010538,43.766141,-75.641738
"625",53913032010538,43.228387,-77.594261
"626",53916654010538,42.806005,-77.530718
"627",53919335010538,43.540137,-76.094481
"628",53920835010538,42.749869,-74.981217
"629",53925070010538,44.2644,-74.611764
"630",53927884010538,43.221654,-74.014671
"631",53931679010538,41.952935,-73.899465
"632",53934343010538,43.860894,-73.56694
"633",53934613010538,44.380252,-73.588654
"634",53943296010538,42.453861,-79.00144
"635",53946140010538,42.209197,-76.964344
"636",53951559010538,44.489762,-74.175011
"637",53953640010538,42.998011,-74.486365
"638",53954742010538,42.38795,-73.947457
"639",53954907010538,42.155403,-74.396216
"640",53957325010538,42.565614,-74.45035
"641",53960829010538,42.348895,-77.546526
"642",53961379010538,40.975509,-72.320519
"643",53962966010538,41.486532,-74.86273
"644",53963301010538,41.920717,-74.885723
"645",53967338010538,43.656968,-74.026598
"646",53968033010538,43.454251,-73.535997
"647",54897026010478,36.4661,-78.820957
"648",54903053010478,36.360396,-79.837306
"649",54904612010478,35.477589,-81.960359
"650",54907348010478,36.510745,-80.222756
"651",54907871010478,36.364728,-80.772779
"652",54911185010478,36.304659,-78.431322
"653",54912126010478,35.601293,-78.771215
"654",54916566010478,35.699463,-77.753068
"655",54922590010478,35.954408,-79.718717
"656",54932078010478,35.424821,-78.221605
"657",54935229010478,35.841234,-81.928285
"658",54936374010478,35.101422,-83.201614
"659",54937252010478,35.814807,-82.896316
"660",54941807010478,36.08883,-77.865569
"661",54947351010478,36.189647,-79.275228
"662",54948194010478,36.451972,-81.232319
"663",54950961010478,35.353146,-76.835294
"664",54952513010478,36.21914,-76.87896
"665",54956767010478,33.967493,-78.453431
"666",54958527010478,35.785341,-81.532547
"667",54959606010478,36.277316,-75.994951
"668",54961913010478,35.609808,-80.975769
"669",54962695010478,35.769841,-79.162814
"670",54964367010478,36.038631,-76.468599
"671",54965183010478,35.311519,-81.401315
"672",54966037010478,34.366865,-78.434586
"673",54967496010478,35.152215,-77.285274
"674",54971727010478,35.657711,-80.137042
"675",54973115010478,34.844904,-77.70476
"676",55440558010661,39.157429,-86.02382
"677",55448363010661,38.451221,-85.920609
"678",55449488010661,39.433747,-87.017276
"679",55455963010661,38.746816,-87.067918
"680",55457424010661,39.186956,-85.031685
"681",55463823010661,41.716973,-85.861431
"682",55493345010661,39.064552,-85.671238
"683",55508601010661,38.592887,-86.881555
"684",55510363010661,40.779389,-86.085059
"685",55518321010661,38.986899,-84.916211
"686",55521221010661,39.3507,-86.733637
"687",55525912010661,38.031075,-86.660203
"688",55540812010661,38.672074,-85.881845
"689",55554727010661,37.976646,-87.234285
"690",55874216010538,43.810731,-71.470813
"691",55875669010538,42.950813,-72.112868
"692",55880834010538,44.236103,-71.137889
"693",55880974010538,45.080517,-71.195704
"694",55882006010538,43.94747,-71.846721
"695",55890049010538,43.383546,-71.789789
"696",55891924010538,43.39594,-71.115131
"697",55902086010538,43.899221,-71.935869
"698",55905045010538,43.934648,-71.485345
"699",55907241010538,44.126834,-72.004375
"700",55909358010538,42.885499,-71.955537
"701",55910465010538,43.119811,-71.450814
"702",55915470010538,42.011198,-72.876923
"703",55917773010538,41.421851,-72.338702
"704",55918691010538,41.824574,-72.370874
"705",55920545010538,41.877019,-72.872146
"706",55921229010538,42.022498,-73.212488
"707",55922104010538,41.463528,-72.497239
"708",55922533010538,41.422949,-73.168346
"709",55922903010538,41.632446,-71.849467
"710",55923203010538,41.47936,-71.834487
"711",55926112010538,41.656023,-70.878023
"712",55928748010538,42.397048,-72.964533
"713",55931179010538,42.065605,-70.889962
"714",55931975010538,42.471572,-71.917978
"715",55936017010538,42.772923,-70.909389
"716",55937177010538,42.708801,-72.952719
"717",55938761010538,42.304911,-72.578818
"718",55942067010538,42.329574,-71.891911
"719",55942136010538,42.44413,-72.24421
"720",55942746010661,39.216336,-86.170182
"721",55946618010538,44.097594,-73.048741
"722",55948332010538,42.860508,-72.962033
"723",55949217010538,44.577888,-72.060681
"724",55951375010661,38.270896,-86.580109
"725",55952698010538,44.971285,-73.103063
"726",55953312010538,44.762929,-72.582109
"727",55953614010538,44.18098,-72.356643
"728",55958436010538,43.079749,-72.445695
"729",55959731010538,43.51562,-72.5036
"730",55964309010661,38.368829,-85.892717
"731",55965026010538,44.43069,-71.682818
"732",55965630010538,44.821741,-72.766154
"733",55966927010538,44.150641,-72.354074
"734",55967536010538,43.986316,-72.682433
"735",55967629010538,44.971296,-72.441627
"736",55968816010538,44.83145,-72.059351
"737",55970748010538,43.689076,-73.371666
"738",55970842010538,43.552966,-73.026744
"739",55972258010538,44.41783,-72.378364
"740",55973442010538,43.144934,-72.644257
"741",55989408010661,39.08825,-85.507525
"742",56037155010661,40.251071,-85.151313
"743",56531048010661,40.460312,-85.343311
"744",56638973010661,39.141147,-85.356301
"745",57133952010661,39.243444,-87.199656
"746",57135467010661,38.261246,-86.452742
"747",57144338010661,38.404339,-86.847646
"748",57202700010661,39.092424,-86.577079
"749",58169981010538,40.07775,-78.10482
"750",58170328010538,39.8598,-79.9503
"751",58171085010538,40.44808,-78.09453
"754",58188574010538,41.83199,-78.00457
"755",58188698010538,41.51313,-77.63984
"756",58198844010538,41.32324,-79.63761
"757",58200876010538,41.65914,-79.05187
"760",58205400010538,39.77032,-76.38014
"761",58207629010538,41.33881,-77.98376
"762",58211480010538,39.82953,-77.39604
"764",58222135010538,40.93963,-77.56483
"765",58225885010538,41.2789,-78.64249
"766",58230915010538,41.58583,-77.20034
"767",58234197010538,41.38625,-79.78418
"768",58234379010538,41.84829,-79.57168
"769",58236827010538,41.77505,-75.21091
"770",58238735010538,40.59669,-79.70783
"771",58238869010538,40.14009,-79.22762
"772",58247507010538,41.16612,-79.09988
"773",58251472010538,40.98995,-76.09362
"774",58254230010538,41.68793,-78.2116
"775",58255835010538,41.86883,-78.90672
"776",58258728010538,40.91406,-75.11815
"777",58261292010538,41.95774,-78.20135
"778",58261842010538,41.55543,-77.82061
"779",58264356010538,40.74303,-77.07423
"780",58268319010538,41.05183,-78.78031
"781",58269937010538,41.17186,-77.4171
"782",58273879010538,41.49245,-78.47482
"783",58277024010538,39.80492,-79.82789
"784",58277995010538,40.64518,-80.01108
"785",58278740010538,40.98614,-79.42293
"786",58280685010538,40.23931,-78.63931
"787",58282628010538,40.6645,-78.3638
"788",58283447010538,41.68525,-76.52004
"789",58288094010538,40.87323,-75.77375
"790",58290567010538,40.01467,-75.6301
"791",58292401010538,41.50841,-76.32124
"792",58294513010538,41.78343,-77.40225
"793",58298936010538,41.63236,-79.37352
"794",58300208010538,41.98633,-75.36266
"795",58301766010538,40.34116,-79.43012
"796",58305020010538,40.07539,-77.73248
"797",58307332010538,40.45806,-78.14265
"798",58309719010538,41.25637,-78.93837
"799",58311638010538,41.52211,-75.67823
"800",58311945010538,41.23891,-75.64292
"801",58314552010538,41.06784,-75.93652
"802",58318169010538,41.70452,-78.68337
"803",58324594010538,41.72411,-78.0758
"804",58325618010538,41.93221,-77.73646
"805",58326657010538,40.61765,-76.21895
"806",58327777010538,39.95742,-79.03592
"807",58332585010538,41.52876,-79.97646
"808",58333288010538,41.74596,-79.7007
"809",58334782010538,40.16952,-77.56269
"810",58338512010538,39.88935,-79.69227
"811",58340461010538,40.90603,-79.55982
"812",58340922010538,40.66267,-80.47152
"813",58342501010538,40.22796,-75.80825
"814",58345097010538,41.58944,-76.68594
"815",58349681010538,40.9215,-77.875
"816",58351680010538,40.06603,-79.3877
"817",58354456010538,41.562156,-77.324833
"818",58355598010538,41.528285,-79.849722
"819",58356916010538,41.792432,-79.358236
"820",58358749010538,39.996952,-80.008361
"821",58359807010538,41.677427,-75.344239
"822",58365880010538,41.030423,-78.247148
"823",58366814010538,41.182619,-78.770738
"824",58367171010538,41.295058,-77.810669
"825",58368043010538,41.129177,-77.284947
"826",58373340010538,39.827534,-79.531009
"827",58374160010538,40.398578,-80.117196
"828",58374669010538,40.944683,-79.231302
"829",58375056010538,40.694649,-79.676381
"830",58377265010538,40.352168,-76.189987
"831",58378342010538,41.787896,-76.891687
"832",58378476010538,41.599916,-76.359675
"833",58381098010538,41.098964,-79.780415
"834",58387044010538,40.010362,-77.574928
"835",58388839010538,39.721615,-80.48313
"836",58395109010538,40.996646,-75.786711
"837",58396923010538,41.361027,-76.791561
"838",58399077010538,41.86466,-78.367019
"839",58399917010538,41.628,-78.856085
"840",58400398010538,41.275344,-80.259697
"841",58400980010538,40.454439,-77.677819
"842",58405309010538,41.710609,-77.854361
"843",58409713010538,40.078382,-79.075114
"844",58526014010538,41.738579,-75.556726
"845",58526484010538,41.574834,-77.526293
"846",58527654010538,41.75356,-77.20883
"847",58528980010538,41.39993,-79.509251
"848",58530315010538,41.867566,-79.215386
"849",58531705010538,40.016926,-80.208536
"850",58535322010538,40.073775,-76.939087
"851",58536336010538,41.09292,-78.444778
"852",58537488010538,41.241537,-76.43372
"853",58543855010538,39.830643,-78.532092
"854",58545843010538,40.574117,-76.048968
"855",58550362010538,41.260261,-78.144031
"856",58551702010538,41.137038,-77.777228
"857",58552864010538,39.983441,-75.942958
"858",58555676010538,41.482279,-78.83416
"859",58560833010538,40.697796,-78.035269
"860",58560999010538,40.292458,-78.239447
"861",58561189010538,40.418034,-77.97959
"862",58562980010538,40.743464,-79.020328
"863",58565889010538,40.872628,-80.34242
"864",58567785010538,41.194572,-77.095317
"865",58569919010538,41.949307,-78.570138
"866",58572493010538,41.053716,-75.118724
"867",58576073010538,41.941828,-77.864081
"868",58579635010538,40.177894,-78.899032
"869",59418668010478,35.841654,-93.527038
"870",59427930010478,33.683748,-92.941811
"871",59428586010478,34.898921,-93.204375
"872",59432764010478,34.460737,-94.417623
"873",59433645010478,35.54278,-93.020549
"874",59437375010478,34.642832,-92.692276
"875",59529396010478,34.8176,-94.416192
"876",59531067010478,35.031381,-94.357773
"877",59531329010478,33.88217,-94.048516
"878",59533313010478,35.960634,-91.698537
"879",59535446010478,33.10359,-92.507896
"880",59538300010478,35.606373,-92.4075
"881",59538926010478,36.070858,-94.210167
"882",59540709010478,35.266449,-91.768863
"883",59559464010478,35.622628,-91.795535
"884",59561344010478,33.184879,-93.223517
"885",59561693010478,33.129217,-93.09578
"886",59563012010478,35.284775,-92.487093
"887",59565402010478,35.182454,-90.736609
"888",59567553010478,33.827845,-91.153928
"889",59568866010478,33.78822,-91.730853
"890",59569141010478,33.443683,-91.836867
"891",59574316010478,34.06253,-92.252625
"892",59577774010478,34.096582,-93.985135
"893",59581082010478,34.360257,-92.192966
"894",59602896010478,33.147689,-91.949384
"895",59607092010478,33.718159,-92.507434
"896",59608595010478,36.144709,-93.452312
"897",59775678010538,40.10079,-74.678585
"898",59776445010538,39.368511,-74.917174
"899",59778277010538,39.694347,-74.303709
"900",59779575010538,40.940073,-74.759745
"901",59780449010538,38.850888,-83.613207
"902",59781089010538,41.545328,-80.950056
"903",59782247010538,39.449431,-82.034766
"904",59784375010538,39.160718,-84.103038
"905",59784920010538,40.652901,-80.762978
"906",59785584010538,41.293697,-81.801972
"907",59787135010538,38.857424,-82.321745
"908",59788852010538,39.154473,-84.773944
"909",59789167010538,40.351969,-80.904389
"910",59792161010538,40.414786,-82.274422
"911",59792877010538,38.526902,-82.442286
"912",59799485010538,41.299459,-81.114849
"913",59801189010538,38.835782,-82.946629
"914",59804300010538,39.446364,-81.405283
"915",59806958010538,39.62822,-81.629463
"916",59807612010538,40.000829,-82.156995
"917",59809293010538,39.087515,-83.237652
"918",59811100010538,39.371648,-83.083188
"919",59811889010538,38.778464,-82.777454
"920",59813380010538,41.2176,-81.551278
"921",59813781010538,41.201636,-80.870954
"922",59815863010538,39.51397,-81.716138
"923",59821617010538,39.405102,-82.419893
"924",59822682010538,39.086869,-82.580583
"925",59827371010538,38.807219,-83.365562
"926",59828166010538,41.809866,-80.595746
"927",59829816010538,39.979601,-80.84988
"928",59832243010538,40.314694,-82.013054
"929",59832674010538,41.545612,-81.39944
"930",59833508010538,39.658024,-81.007936
"931",59835507010538,39.976663,-83.248776
"932",59835838010538,39.022784,-82.368629
"933",59836584010538,41.483271,-81.169054
"934",59838494010538,40.250359,-81.140614
"935",59839136010538,39.045598,-83.636961
"936",59841598010538,38.729374,-82.523451
"937",59842363010538,41.525684,-83.859639
"938",59845225010538,40.56738,-82.296375
"939",59845818010538,41.784549,-80.996092
"940",59846299010538,39.322565,-82.208749
"941",59846862010538,40.585366,-84.248964
"942",59847831010538,38.725577,-83.806384
"943",59848292010538,40.561524,-80.943271
"944",59850077010538,40.254476,-81.773408
"945",59852459010538,40.57947,-82.933604
"946",59853380010538,39.623296,-81.394859
"947",59854367010538,39.640037,-82.231022
"948",59855376010538,39.656566,-84.693212
"949",59857241010538,38.713982,-83.123714
"950",59859396010538,40.421479,-81.666079
"951",59860065010538,39.428967,-84.074105
"952",59862539010538,39.602868,-84.663884
"953",59865858010538,39.274275,-83.307057
"954",59868956010538,41.40585,-80.914545
"955",59871051010538,39.56743,-81.176514
"956",59873691010538,38.668807,-82.284585
"957",59875046010538,40.20002,-81.5543
"958",59875667010538,39.282921,-84.582095
"959",59877102010538,39.595162,-82.487302
"960",59877582010538,40.476333,-82.042751
"961",59879090010538,40.470604,-80.750666
"962",59880373010538,40.105595,-82.453729
"963",59882113010538,41.149476,-81.936977
"964",59885224010538,39.873952,-81.03473
"965",59886638010538,38.967793,-84.078745
"966",59886738010538,39.292312,-83.909144
"967",59887136010538,40.708063,-80.652274
"968",59912013010538,39.571879,-78.655872
"969",59912469010538,39.681177,-76.574302
"970",59914017010538,38.497766,-76.229046
"971",59917622010538,38.471361,-75.752548
"972",60134078010538,39.012443,-75.405569
"973",60134154010538,39.040084,-75.623223
"974",60134358010538,39.270962,-75.655451
"975",60134441010538,39.177842,-75.740358
"976",60135641010538,38.487448,-75.618135
"977",60135800010538,38.742697,-75.141153
"978",60135915010538,38.661641,-75.6899
"979",60136022010538,38.815957,-75.582359
"980",60136143010538,38.546478,-75.607591
"981",60136485010538,38.69784,-75.517165
"982",60259817010538,38.828129,-79.648061
"983",60263298010538,38.0687,-82.356741
"984",60264203010538,38.305699,-80.504409
"985",60264333010538,39.702653,-80.780665
"986",60264822010538,39.212028,-80.038516
"987",60265847010538,38.142419,-81.733423
"988",60266401010538,38.854669,-80.612155
"989",60266563010538,38.794746,-80.810606
"990",60267085010538,38.53147,-82.135775
"991",60267985010538,39.139395,-80.666206
"992",60270544010538,37.992064,-80.488143
"993",60271004010538,37.838312,-80.715384
"994",60271920010538,38.887014,-78.988551
"995",60272420010538,39.062313,-78.727887
"996",60274807010538,38.322233,-81.455673
"997",60274986010538,38.603583,-81.526493
"998",60276426010538,37.688038,-81.908506
"999",60277154010538,37.309235,-81.543891
"1000",60277468010538,39.593255,-80.446475
"1001",60278287010538,37.471847,-81.278094
"1002",60278861010538,37.390412,-80.93861
"1003",60279998010538,37.789661,-82.292801
"1004",60281174010538,39.684274,-78.187092
"1005",60283476010538,38.378276,-79.873818
"1006",60284566010538,39.402237,-79.767711
"1007",60286022010538,37.772263,-81.333049
"1008",60286749010538,39.071887,-81.298569
"1009",60287197010538,39.171967,-81.643242
"1010",61345593010478,32.853176,-82.796721
"1011",61346410010478,31.385345,-81.908958
"1012",61348066010478,34.798639,-84.960648
"1013",61350110010478,32.713566,-83.129004
"1014",61375795010478,34.625655,-84.483893
"1015",61377340010478,33.545778,-83.218018
"1016",61377903010478,34.067275,-83.97166
"1017",61378990010478,33.721622,-85.182787
"1018",61380282010478,33.231528,-85.005417
"1019",61384836010478,32.668391,-82.922787
"1020",61396282010478,31.29003,-82.347378
"1021",61396954010478,33.090439,-84.483008
"1022",61403235010478,32.692926,-84.497697
"1023",61406002010478,30.999499,-83.952606
"1024",61406869010478,32.15645,-82.420576
"1025",61409167010478,31.665938,-83.656181
"1026",61417875010478,33.077222,-83.125006
"1027",61424298010478,33.07309,-81.759201
"1028",61428291010478,32.391876,-84.713767
"1029",61428585010478,34.461768,-85.260625
"1030",61436710010478,34.939157,-85.410338
"1031",61440244010478,31.274943,-85.008074
"1032",61445419010478,33.545669,-84.568876
"1033",62153651010538,43.595353,-71.633364
"1034",62154844010538,43.742008,-71.310225
"1035",62155519010538,44.028021,-71.318355
"1036",62156755010538,42.741377,-72.25005
"1037",62159278010538,44.580206,-71.338718
"1038",62159832010538,44.808111,-71.422518
"1039",62163491010538,44.064089,-71.960788
"1040",62164726010538,42.746245,-71.460145
"1041",62164851010538,43.16958,-71.947917
"1042",62167182010538,42.898958,-71.260849
"1043",62167290010538,43.176926,-71.281208
"1044",62168328010538,43.29021,-72.299868
"1045",62231243010538,43.816668,-71.145115
"1046",62233979010538,42.947099,-72.451153
"1047",62237823010538,44.660065,-71.166784
"1048",62241470010538,44.234448,-71.498806
"1049",62241642010538,43.805458,-71.819178
"1050",62242626010538,42.836898,-71.748063
"1051",62242832010538,43.526945,-71.794078
"1052",62244300010538,43.383613,-71.451616
"1053",62246414010538,43.369735,-72.123345
"1054",62264811010538,42.506941,-72.749244
"1055",62265330010538,42.100756,-72.392372
"1056",62265425010538,42.076245,-73.059271
"1057",62266626010538,42.674941,-71.770652
"1058",62267177010538,42.557522,-71.418896
"1059",62267641010538,42.135528,-71.043115
"1060",62270482010538,42.119112,-71.728449
"1061",62272489010538,43.911228,-72.861381
"1062",62274149010538,42.916148,-73.135436
"1063",62275105010538,44.364519,-71.855442
"1064",62275584010538,44.558456,-71.978349
"1065",62277003010538,44.652656,-71.874405
"1066",62277159010538,44.734866,-72.927669
"1067",62278627010538,44.618824,-72.551366
"1068",62281709010538,43.751185,-73.194322
"1069",62283369010538,44.191091,-72.889943
"1070",62283443010538,42.91285,-72.616444
"1071",62286246010538,43.773477,-72.515795
"1072",62288671010538,41.638175,-73.348221
"1073",62289577010538,41.390174,-72.675675
"1074",62291373010538,41.69366,-72.034207
"1075",63611814010661,44.311723,-90.780366
"1076",63621933010661,43.822247,-90.924746
"1077",63627301010661,45.225007,-88.889231
"1078",63652833010661,45.014723,-87.745105
"1079",63657143010661,46.46422,-91.554176
"1080",63678190010661,45.959683,-88.850295
"1081",63683870010661,43.19336,-90.380739
"1082",63686391010661,46.569641,-90.494403
"1083",63688808010661,46.211704,-90.019254
"1084",63691724010661,46.326118,-90.386524
"1085",63696236010661,46.062822,-89.230433
"1086",63716519010661,44.436595,-90.10865
"1087",63725368010661,45.59914,-90.856771
"1088",63739815010661,45.699492,-91.32007
"1089",63751860010661,45.243978,-90.387901
"1090",63764062010661,45.333849,-88.072328
"1091",63780865010661,44.123865,-91.186855
"1092",63784460010661,43.569412,-91.020885
"1093",63790443010661,46.199926,-89.8353
"1094",63790774010661,45.505329,-89.058084
"1095",63791406010661,46.07873,-89.46004
"1096",63802368010661,44.84572,-92.397601
"1097",63802797010661,42.842194,-88.583014
"1098",63814845010661,44.542038,-89.420054
"1099",63829661010661,45.550881,-90.635958
"1100",63839799010661,45.485435,-90.323107
"1101",63844392010661,43.236699,-90.544648
"1102",63856866010661,45.100686,-92.335371
"1103",63860454010661,46.401506,-91.240153
"1104",63860814010661,43.372403,-89.898635
"1105",63864626010661,44.279688,-91.824832
"1106",63866661010661,45.841653,-90.802898
"1107",63868761010661,45.670867,-92.751476
"1108",63994962010661,45.903046,-90.273709
"1109",64024435010661,45.526895,-91.220882
"1110",64087287010661,43.059346,-90.279352
"1111",64112994010661,44.180508,-90.175787
"1112",64113700010661,44.374692,-90.425949
"1113",64115877010661,44.214268,-91.10912
"1114",64137881010661,42.6006,-88.055931
"1115",64153624010661,45.363848,-89.503046
"1116",64165347010661,44.192821,-87.709057
"1117",64207416010661,46.343081,-91.537141
"1118",64221149010661,44.74843,-91.86208
"1119",64230412010661,45.853908,-88.258168
"1120",64247808010661,45.38266,-88.488042
"1121",64249044010661,45.927112,-88.707417
"1122",64249128010538,44.264224,-75.139849
"1123",64250653010538,43.063995,-73.836634
"1124",64251907010538,42.673077,-74.285425
"1125",64254717010538,41.809718,-74.202442
"1126",64255321010538,43.515908,-73.682115
"1127",64257252010538,42.61515,-77.315701
"1128",64257766010538,41.40231,-73.816843
"1129",64259265010538,42.095158,-78.263434
"1130",64259866010661,45.250553,-91.090429
"1131",64260734010538,42.292518,-78.978315
"1132",64261526010538,42.91122,-76.714856
"1133",64262409010538,42.064726,-76.62016
"1134",64263200010538,42.741869,-75.31517
"1135",64265961010538,42.171113,-74.589411
"1136",64266711010538,41.911271,-75.218004
"1137",64266821010538,41.859218,-73.534962
"1138",64267668010661,45.731971,-88.946319
"1139",64267855010538,44.355738,-73.772709
"1140",64268343010538,44.522778,-73.427757
"1141",64270082010538,44.303901,-74.472723
"1142",64270230010538,44.90897,-74.519252
"1143",64270327010538,44.782192,-74.129904
"1144",64271994010538,43.083544,-74.646128
"1145",64272475010538,43.212385,-74.35699
"1146",64272774010538,42.908988,-78.198282
"1147",64274031010538,43.953143,-74.738001
"1148",64274356010538,44.072467,-74.423389
"1149",64277278010538,43.454388,-75.087566
"1150",64277931010538,44.24819,-75.882107
"1151",64280602010538,43.41806,-75.685998
"1152",64282890010538,43.20622,-78.426881
"1153",64283499010661,43.826226,-89.70546
"1154",64284123010538,42.629276,-74.986715
"1155",64284624010538,44.74614,-74.871633
"1156",64288916010661,44.008625,-89.984016
"1157",64297790010661,46.119655,-90.351407
"1158",64306235010661,44.481678,-89.746767
"1159",64309272010661,46.324046,-90.632586
"1160",64342255010661,44.898157,-88.638318
"1161",64343710010661,43.663692,-90.44998
"1162",64370089010661,45.104862,-88.392087
"1163",64382745010661,45.878719,-91.755196
"1164",64387950010661,45.595569,-89.645976
"1165",64402466010661,43.416528,-88.264714
"1166",64427079010661,44.141091,-89.305295
"1167",64438830010661,44.9773,-89.571318
"1168",64442184010661,44.831979,-90.247661
"1169",64476928010661,46.177739,-91.326308
"1170",64480188010661,46.638456,-91.120486
"1171",64489894010661,44.551129,-88.156355
"1172",64526639010661,43.685619,-89.455625
"1173",64533444010661,45.07641,-88.897997
"1174",64541218010661,45.230371,-91.663319
"1175",64551528010661,45.78775,-89.898214
"1176",64557059010661,45.637059,-89.166001
"1177",64574843010661,43.012858,-89.413722
"1178",64577248010661,43.887887,-90.609793
"1179",64638009010661,44.694526,-90.962031
"1180",64688618010661,46.071684,-90.738087
"1181",64689990010661,45.446321,-91.577098
"1182",64692727010661,46.866905,-91.041696
"1183",65138251010538,42.295271,-76.746266
"1184",65138948010538,42.264026,-77.450382
"1185",65140021010538,40.787104,-73.275869
"1186",65140924010538,41.61706,-74.797776
"1187",65143406010538,43.744731,-73.897835
"1188",65146228010538,42.002347,-76.740899
"1189",65146536010538,42.506578,-75.802467
"1190",65146796010538,42.363791,-75.450449
"1191",65148365010538,42.481675,-73.412808
"1192",65148556010538,42.056405,-73.72456
"1193",65149747010538,41.921204,-75.077117
"1194",65150075010538,42.133387,-74.738803
"1195",65151281010538,44.166547,-73.544228
"1196",65154065010538,44.515092,-73.964039
"1197",65155671010538,44.134035,-74.239878
"1198",65157293010538,43.368032,-74.320837
"1199",65160137010538,43.768163,-74.897002
"1200",65161338010538,44.051619,-75.659072
"1201",65162025010538,43.650205,-75.287741
"1202",65163548010538,42.782861,-75.82125
"1203",65164253010538,42.432245,-74.149289
"1204",65164378010538,42.61481,-73.78578
"1205",65164483010538,42.190213,-78.263035
"1206",65164973010538,42.347033,-77.792647
"1207",65165526010538,42.318586,-76.101167
"1208",65166392010538,42.122548,-78.772198
"1209",65167686010538,43.236266,-75.573211
"1210",65169095010538,41.194001,-74.271574
"1211",65170011010538,43.616286,-75.953964
"1212",65170109010538,43.332175,-75.905664
"1213",65172134010538,44.529515,-74.591624
"1214",65172336010538,44.653646,-75.017046
"1215",65172739010538,44.508393,-75.348561
"1216",65311956010538,38.472767,-76.551729
"1217",65312360010538,38.884877,-75.802721
"1218",65313032010538,39.582291,-75.901627
"1219",65315391010538,39.141106,-76.161745
"1220",65339163010538,39.362347,-75.762607
"1221",65354192010538,39.214477,-75.671618
"1222",65354281010538,38.956912,-75.481142
"1223",65354479010538,39.145088,-75.728358
"1224",65354580010538,38.844594,-75.704499
"1225",65354774010538,38.999907,-75.609511
"1226",65355740010538,38.569617,-75.389051
"1227",65355837010538,38.631882,-75.304608
"1228",65355954010538,38.665158,-75.501301
"1229",65356076010538,38.608454,-75.505059
"1230",65356214010538,38.760298,-75.590624
"1231",65356282010538,38.799212,-75.418831
"1232",65356424010538,38.761849,-75.426336
"1233",65356554010538,38.679508,-75.467591
"1234",65356765010538,38.46319,-75.260931
"1235",65356968010538,38.594417,-75.346843
"1236",65394600010538,39.613735,-74.451359
"1237",65395056010538,39.892379,-74.483634
"1238",65399781010538,39.449416,-74.767032
"1239",66337693010661,36.79502,-92.671968
"1240",66340533010661,37.894988,-91.841474
"1241",66344445010661,37.465589,-93.557116
"1242",66349402010661,37.202545,-90.846786
"1243",66352488010661,36.586323,-91.596874
"1244",66356101010661,37.554352,-91.310335
"1245",66359385010661,36.717327,-91.044607
"1246",66363994010661,37.222832,-92.491237
"1247",66367001010661,37.791795,-90.073987
"1248",66373988010661,37.067095,-91.456468
"1249",66374637010661,37.270114,-91.217793
"1250",66387561010661,37.856729,-94.272487
"1251",66394582010661,37.0538,-90.233142
"1252",66396443010661,37.667546,-90.707157
"1253",66400768010538,40.709078,-80.998751
"1254",66406855010538,40.097422,-81.296228
"1255",66407100010538,39.22073,-84.516669
"1256",66407994010538,41.399635,-84.024489
"1257",66410984010538,38.607713,-82.671063
"1258",66412272010661,37.319125,-90.289991
"1259",66412678010538,41.076725,-80.845323
"1260",66413241010538,38.889633,-81.896088
"1261",66414281010538,39.839374,-84.078128
"1262",66415946010538,39.824016,-82.121383
"1263",66419770010538,38.913229,-83.192213
"1264",66422502010538,39.222297,-82.394883
"1265",66422980010538,39.528383,-84.2073
"1266",66425055010661,38.023545,-91.141275
"1267",66448366010661,36.636587,-91.916506
"1268",66449471010661,36.915834,-92.011864
"1269",66460360010661,39.186915,-92.054044
"1270",66460921010661,36.514627,-93.795392
"1271",66464737010661,38.434629,-93.263384
"1272",66471742010661,36.846832,-90.405451
"1273",66479446010661,36.74935,-93.730056
"1274",66480909010661,37.540184,-94.085109
"1275",66490873010661,36.899085,-93.166798
"1276",66508359010661,37.785376,-91.245962
"1277",66510532010661,37.833652,-92.935789
"1278",66515078010661,37.038262,-92.563629
"1279",66519686010661,38.228827,-91.119028
"1280",66520819010661,38.588751,-91.527802
"1281",66531933010661,37.072755,-90.378393
"1282",66538789010661,37.922881,-90.627571
"1283",66540461010661,38.850852,-90.317261
"1284",66558919010661,38.803808,-91.319341
"1285",66560589010661,37.98001,-90.990187
"1286",66563725010661,37.156355,-90.629631
"1287",66567060010661,36.862552,-91.506845
"1288",66570781010661,38.45893,-92.158914
"1289",66572135010661,36.55357,-92.708099
"1290",66577571010661,37.623742,-91.828118
"1291",66597991010661,38.384903,-90.476802
"1292",66600617010661,37.611288,-92.789042
"1293",66607521010661,37.579002,-90.214407
"1294",66609212010661,38.226494,-91.988383
"1295",66610241010661,39.912767,-91.676168
"1296",66614195010661,39.068508,-91.376384
"1297",66616036010661,38.307857,-92.753617
"1298",66628963010661,43.260821,-91.998346
"1299",66640493010661,40.549276,-91.602679
"1300",66642425010661,41.327919,-93.934111
"1301",66675897010661,40.835025,-94.374457
"1302",66683109010661,41.937167,-92.738455
"1303",66685885010661,39.244193,-89.471777
"1304",66689289010661,40.752429,-89.655794
"1305",66698575010661,43.102996,-91.203737
"1306",66704732010661,40.158397,-90.472056
"1307",66704752010661,41.936652,-93.901622
"1308",66713456010661,38.405425,-88.22473
"1309",66729240010661,42.368396,-88.510965
"1310",66735152010538,38.416952,-81.311275
"1311",66735647010538,38.950409,-80.462744
"1312",66737921010538,37.216599,-81.676799
"1313",66738107010538,37.506225,-81.669066
"1314",66741059010538,37.87404,-82.15363
"1315",66742166010538,39.579013,-78.362786
"1316",66742943010538,38.48826,-80.696645
"1317",66743702010538,38.807972,-79.159616
"1318",66744079010538,38.628056,-79.445117
"1319",66746381010538,39.474889,-79.594014
"1320",66746758010538,38.337977,-81.932633
"1321",66749280010538,38.565341,-80.07666
"1322",66749541010538,39.124975,-80.158472
"1323",66750371010538,38.053299,-81.872582
"1324",66751026010661,37.554809,-88.978844
"1325",66752082010538,38.587472,-81.033212
"1326",66754006010661,42.362844,-90.628489
"1327",66755179010538,39.086466,-79.198138
"1328",66757074010538,39.147843,-78.571632
"1329",66757354010661,41.050461,-91.735715
"1330",66758089010538,39.408201,-80.243344
"1331",66758939010538,38.798029,-81.724402
"1332",66761066010538,37.742895,-80.859383
"1333",66762239010538,39.330414,-80.86422
"1334",66763398010538,38.254732,-82.552378
"1335",66766488010538,37.993336,-80.909704
"1336",66945747010661,41.899571,-95.819062
"1337",66946709010661,38.723611,-87.839659
"1338",66951799010661,39.175411,-89.918904
"1339",66954979010661,42.289954,-95.051059
"1340",66958211010661,37.254994,-89.327699
"1341",66958324010661,42.205139,-92.45905
"1342",66958950010661,39.84887,-90.825637
"1343",66961292010661,39.994896,-90.256945
"1344",66968830010661,42.033545,-94.44781
"1345",66969159010661,38.934001,-88.877814
"1346",66973279010661,41.576925,-95.889872
"1347",66974700010661,38.222818,-90.263073
"1348",66984892010661,41.263346,-91.323973
"1349",67034380010661,37.272185,-90.584528
"1350",67051606010661,36.583971,-93.478616
"1351",67054779010661,37.340949,-92.241822
"1352",67059493010661,38.086445,-90.848611
"1353",67068334010661,38.285107,-90.546718
"1354",67076715010661,36.752244,-94.556657
"1355",67082134010661,39.742632,-91.472807
"1356",67085290010661,39.596012,-92.018391
"1357",67088880010661,38.748054,-92.749836
"1358",67090916010661,37.950939,-91.450058
"1359",67094509010661,37.486916,-91.654626
"1360",67099935010661,38.43154,-91.30572
"1361",67105889010661,38.048566,-93.400773
"1362",67106033010661,38.027241,-93.100088
"1363",67109143010661,37.008948,-91.755858
"1364",67110618010661,37.618859,-91.019805
"1365",67113657010661,39.738211,-94.17223
"1366",67120873010661,36.863108,-91.017597
"1367",67128004010661,36.636864,-93.782136
"1368",67131430010661,37.395907,-89.98439
"1369",67140166010661,38.300834,-91.879881
"1370",67152844010661,37.831524,-92.067998
"1371",68270456010538,40.07775,-78.10482
"1372",68270836010538,39.8598,-79.9503
"1373",68271599010538,40.44808,-78.09453
"1374",68273049010538,40.84621,-78.89596
"1375",68281408010538,41.74188,-78.36157
"1376",68284037010538,40.66582,-77.53236
"1377",68286706010538,40.57072,-77.16405
"1378",68294534010538,41.43823,-76.65626
"1379",68298797010538,41.33881,-77.98376
"1380",68302130010538,41.2789,-78.64249
"1381",68303719010538,42.16271,-79.79367
"1382",68305700010538,39.82953,-77.39604
"1383",68307284010538,40.68332,-80.2211
"1384",68315653010538,41.08644,-75.63346
"1385",68316517010538,40.93963,-77.56483
"1386",68322560010538,41.32324,-79.63761
"1387",68324733010538,41.65914,-79.05187
"1388",68325222010538,40.19994,-80.15276
"1389",68328512010538,41.55543,-76.04695
"1390",68329353010538,39.77032,-76.38014
"1391",69787787010661,44.271922,-89.331478
"1392",69801950010661,45.415249,-91.335965
"1393",69815469010661,45.30437,-88.55777
"1394",69817020010661,44.866225,-88.40237
"1395",69851965010661,42.533654,-88.162194
"1396",69866463010661,44.661775,-91.070565
"1397",69874227010661,45.686249,-88.748881
"1398",69890675010661,44.531828,-90.462973
"1399",69923515010661,45.552621,-88.106073
"1400",69927377010661,45.175765,-88.11918
"1401",69942763010661,46.1339,-91.042923
"1402",69949346010661,43.630605,-88.046743
"1403",69949893010661,45.373719,-90.811931
"1404",69959815010661,46.091547,-90.511119
"1405",69978252010661,46.59717,-91.207205
"1406",69983135010661,44.459099,-92.009121
"1407",70000795010661,39.155531,-90.519021
"1408",70004384010661,38.664339,-89.922722
"1409",70008582010661,38.116562,-89.496136
"1410",70009085010661,39.626649,-90.681904
"1411",70009401010661,37.368932,-88.536743
"1412",70010086010661,37.297075,-88.972919
"1413",70010285010661,41.281509,-89.212278
"1414",70017115010661,37.497394,-88.149447
"1415",70018012010661,40.121595,-91.491814
"1416",70019857010661,42.144584,-90.155613
"1417",70030097010661,43.390722,-92.540343
"1418",70038880010661,40.951144,-95.740018
"1419",70050712010661,40.786725,-93.991179
"1420",70051992010661,42.577073,-90.802727
"1421",70189524010661,37.335719,-90.979298
"1422",70207763010661,37.97252,-93.996629
"1423",70249095010661,37.15109,-91.804601
"1424",70251730010661,37.599054,-91.944437
"1425",70260808010661,38.067325,-90.730308
"1426",70268373010661,37.231273,-90.413537
"1427",70272866010661,37.37249,-92.801694
"1428",70278207010661,38.110222,-92.574818
"1429",70279925010661,39.513667,-92.141707
"1430",70282976010661,36.895822,-94.608899
"1431",70298255010661,37.975292,-92.158025
"1432",70304402010661,37.035864,-91.216627
"1433",70304587010661,36.97724,-90.784397
"1434",70312541010661,38.196111,-91.141823
"1435",70314583010661,37.522289,-93.818279
"1436",70321747010661,36.929673,-92.645056
"1437",70322787010661,36.872492,-92.190039
"1438",70331646010661,40.264406,-94.485958
"1439",70336060010661,40.228057,-93.996395
"1440",70336462010661,38.236745,-93.609018
"1441",70346405010661,37.734647,-91.011311
"1442",70362563010661,37.625029,-92.408807
"1443",70367822010538,44.81973,-70.8222
"1444",70370834010538,44.22614,-70.47738
"1445",70370977010538,44.25917,-70.8118
"1446",70377121010538,44.26227,-70.10719
"1447",70377591010661,40.465327,-95.670967
"1448",70383424010661,38.344582,-94.192077
"1449",70384431010661,38.199426,-93.178226
"1450",70384809010538,46.49241,-68.69426
"1451",70392386010661,39.549908,-94.662578
"1452",70396428010538,46.78041,-68.71333
"1453",70396958010538,46.76486,-69.44525
"1454",70397120010538,47.19134,-69.04324
"1455",70403223010538,45.48977,-70.50823
"1456",70410570010538,44.27206,-69.42054
"1457",70417858010538,45.51379,-68.35824
"1458",70418198010538,44.68313,-69.0832
"1459",70418348010538,45.94118,-68.71186
"1460",70429131010538,46.37094,-69.07512
"1461",70429264010538,45.94282,-69.43355
"1462",70429377010538,45.51768,-69.08082
"1464",70436855010538,45.12038,-69.84447
"1465",70442160010538,45.09139,-70.12847
"1466",70442366010538,46.34126,-69.8101
"1467",70444342010538,45.25577,-67.64987
"1468",70450812010538,45.09627,-68.00227
"1469",70450975010538,45.08764,-67.28885
"1470",70544952010538,47.39644,-69.23129
"1471",70545233010538,46.14429,-68.16435
"1472",70545732010538,45.72897,-67.83048
"1473",70547817010538,44.03985,-70.6403
"1474",70552924010538,45.05444,-70.59517
"1475",70555588010538,45.02623,-68.18843
"1476",70557059010538,44.46617,-69.60057
"1477",70565838010538,44.45568,-70.27107
"1478",70566014010538,44.45127,-70.99455
"1479",70566126010538,45.29734,-70.99558
"1480",70585179010538,45.86039,-68.10142
"1481",70588962010538,45.28229,-68.12337
"1482",70589161010538,45.74006,-68.65342
"1483",70589298010538,44.88859,-68.53756
"1484",70597277010538,45.51996,-69.30073
"1485",70599815010538,46.2895,-69.24199
"1486",70602393010538,45.30455,-68.88495
"1487",70602545010538,46.14397,-68.89571
"1488",70602730010538,45.72653,-69.24309
"1489",70602911010538,45.32253,-69.58801
"1490",70614881010538,45.30214,-70.31325
"1491",70615030010538,45.71618,-69.96426
"1492",70617447010538,44.46919,-68.88707
"1493",70624156010538,44.88406,-67.83771
"1494",70624291010538,45.29761,-67.47939
"1495",70626541010538,43.60995,-70.93634
"1496",74597021010478,36.709397,-89.166414
"1497",74597272010478,37.428791,-87.477659
"1498",74599024010478,37.819666,-82.980089
"1499",74600425010478,36.804385,-83.891629
"1500",74601533010478,38.114201,-82.849481
"1501",74601860010478,37.975801,-82.485387
"1502",74602268010478,37.589229,-83.771834
"1503",74603951010478,38.431188,-83.347367
"1504",74649118010478,37.152139,-87.025028
"1505",74651464010478,38.74317,-84.4838
"1506",74653679010478,37.216827,-84.460449
"1507",74655307010478,38.122145,-83.487485
"1508",74657709010478,36.728759,-87.805755
"1509",74658940010478,36.884856,-84.642411
"1510",74680370010478,37.497809,-83.110609
"1511",74683003010478,38.717719,-85.067248
"1512",74683679010478,37.204579,-84.889416
"1513",74684315010478,37.122739,-87.660442
"1514",86084738010661,37.847697,-89.546217
"1515",86087175010661,42.361463,-88.174217
"1516",86098781010661,37.601974,-88.237297
"1517",86100179010661,37.50367,-88.245912
"1518",86100694010661,37.989703,-88.093007
"1519",86105263010661,37.439775,-88.420914
"1520",86106653010661,37.510254,-88.568896
"1521",86108111010661,41.395181,-90.912346
"1522",86109835010661,40.12048,-90.741285
"1523",86140499010661,41.052341,-90.433609
"1524",90543146010661,38.705648,-86.689287
"1525",90553010010661,41.617267,-84.871415
"1526",90557124010661,39.82044,-85.057339
"1527",90560897010661,38.42937,-85.626834
"1528",90565011010661,39.372648,-85.249092
"1529",90567953010661,38.048297,-86.161292
"1530",90571899010661,41.235111,-86.047561
"1531",90575363010661,39.523528,-86.942583
"1532",90575529010661,40.288219,-84.84466
"1533",90593248010661,44.735391,-89.696764
"1534",90598373010661,45.437053,-88.108125
"1535",90616488010661,45.763685,-89.719764
"1536",90626689010661,46.36941,-90.292193
"1537",90641631010661,45.324258,-88.790525
"1538",90644487010661,45.540145,-89.984244
"1539",90645994010661,45.209666,-89.480965
"1540",90655244010661,46.454987,-92.162787
"1541",90659260010661,45.144159,-91.989117
"1542",90681388010661,44.840517,-89.013323
"1543",90689093010661,44.573879,-91.402908
"1544",90689666010661,43.663198,-90.752167
"1545",90693242010661,46.025377,-89.784351
"1546",90698552010661,46.109333,-91.65588
"1547",90706515010661,44.672241,-92.097446
"1548",90714050010661,45.431787,-90.654755
"1549",90724006010661,45.292034,-91.327066
"1550",90736151010661,44.218764,-89.866856
"1551",90743364010661,45.634217,-91.849931
"1552",90753098010661,46.262323,-90.97783
"1553",90753554010661,44.596493,-87.865479
"1554",90757117010661,45.972755,-92.357035
"1555",90922311010661,41.839077,-92.031079
"1556",90922736010661,42.217123,-90.554474
"1557",90932669010661,43.415875,-91.4767
"1558",90934084010661,41.981485,-93.899786
"1559",90934485010661,41.660577,-94.030463
"1560",92116205010661,36.541761,-90.779114
"1561",92119754010661,37.9948,-90.332108
"1562",92126537010661,36.900851,-91.266724
"1563",92127983010661,36.826329,-93.428922
"1564",92137996010661,37.849154,-90.935627
"1565",92138295010661,37.020461,-90.655867
"1566",92141943010661,37.161597,-92.673484
"1567",92144047010661,39.691857,-92.600841
"1568",92145029010661,37.503196,-90.485133
"1569",92152786010661,37.018625,-94.485934
"1570",92159151010661,37.762023,-91.888003
"1571",92164014010661,40.499243,-92.973508
"1572",92167072010661,37.744214,-91.528935
"1573",92174538010661,40.423036,-93.935346
"1574",92187306010661,39.145349,-91.086849
"1575",92194496010661,37.145473,-90.047803
"1576",92197844010661,36.80028,-90.480978
"1577",92201437010661,37.353024,-89.843054
"1578",92201841010661,39.460288,-93.398279
"1579",92377431010661,38.020754,-92.921578
"1580",92389731010661,40.171554,-92.445393
"1581",92391510010661,38.255778,-93.050171
"1582",92396884010661,38.38747,-92.475787
"1583",95834624010661,38.592887,-86.881555
"1584",95836610010661,38.986899,-84.916211
"1585",95837362010661,39.3507,-86.733637
"1586",95838179010661,38.031075,-86.660203
"1587",95841384010661,38.672074,-85.881845
"1588",95844354010661,37.976646,-87.234285
"1589",95848148010661,39.064552,-85.671238
"1590",95849276010661,39.157429,-86.02382
"1591",95850830010661,38.451221,-85.920609
"1592",95851022010661,39.433747,-87.017276
"1593",95852334010661,38.746816,-87.067918
"1594",95853886010661,41.716973,-85.861431
"1595",95858473010661,39.186956,-85.031685
"1596",95858857010661,40.779389,-86.085059
"1597",95867413010661,43.260821,-91.998346
"1598",95868310010661,42.956299,-92.773276
"1599",95869522010661,41.573275,-94.524128
"1600",95873491010661,40.549276,-91.602679
"1601",95874205010661,41.050728,-93.377425
"1602",95874657010661,41.327919,-93.934111
"1603",96173682010661,46.062822,-89.230433
"1604",96185528010661,43.19336,-90.380739
"1605",96186919010661,46.569641,-90.494403
"1606",96188169010661,46.211704,-90.019254
"1607",96189523010661,46.326118,-90.386524
"1608",96191585010661,44.311723,-90.780366
"1609",96199826010661,45.225007,-88.889231
"1610",96203011010661,45.381692,-89.707337
"1611",96206619010661,44.982583,-89.299872
"1612",96210549010661,45.612526,-88.369252
"1613",96215472010661,45.333849,-88.072328
"1614",96223662010661,45.126597,-88.579573
"1615",96225705010661,45.505329,-89.058084
"1616",96229793010661,43.359796,-91.092114
"1617",96235651010661,46.46422,-91.554176
"1618",96236290010661,46.289414,-91.893306
"1619",96248315010661,45.959683,-88.850295
"1620",96259381010661,46.071684,-90.738087
"1621",96260797010661,46.866905,-91.041696
"1622",96267081010661,46.401506,-91.240153
"1623",96268187010661,44.279688,-91.824832
"1624",96272975010661,44.84572,-92.397601
"1625",96275977010661,44.542038,-89.420054
"1626",96279115010661,45.481028,-90.176046
"1627",96283403010661,45.59914,-90.856771
"1628",96290044010661,45.699492,-91.32007
"1629",96299117010661,38.909607,-87.87859
"1630",96300231010661,39.027622,-88.569558
"1631",96304122010661,40.391729,-90.382165
"1632",96310824010661,37.526609,-88.700311
"1633",96310888010661,37.522174,-88.53171
"1634",96310981010661,37.297799,-88.609806
"1635",96314882010661,37.437457,-89.328328
"1636",96314947010661,37.588215,-89.287693
"1637",96324879010661,38.521998,-88.751278
"1638",96325644010661,37.162725,-88.514467
"1639",96327283010661,37.475382,-88.412579
"1640",96333430010661,40.064485,-87.574719
"1641",96333700010661,40.661064,-89.117874
"1642",96335244010661,37.464387,-88.72286
"1643",96335349010661,37.362411,-88.737481
"1644",96335724010661,42.186368,-87.915739
"1645",96336976010661,40.526135,-89.734209
"1646",96337552010661,39.073655,-88.905039
"1647",96338109010661,37.464579,-88.239963
"1648",96339468010661,37.594402,-89.061412
"1649",97225763010661,45.014723,-87.745105
"1650",97227280010661,45.243978,-90.387901
"1651",97474777010661,36.822729,-94.28854
"1652",97478816010661,38.921381,-93.106872
"1653",97497146010661,37.856729,-94.272487
"1654",97502034010661,37.222832,-92.491237
"1655",97506530010661,38.367387,-91.609406
"1656",97512133010661,37.667546,-90.707157
"1657",97519277010661,36.514627,-93.795392
"1658",97535923010661,37.791795,-90.073987
"1659",140536673010478,30.526675,-87.080237
"1660",140537042010478,30.816594,-86.94635
"1661",140539549010478,30.198698,-83.162655
"1662",140543740010478,30.200763,-84.317915
"1663",140556437010478,27.72174,-82.370856
"1664",140557281010478,30.874875,-85.806189
"1665",140558712010478,30.80568,-85.250395
"1666",140558877010478,30.875423,-84.976055
"1667",140560559010478,29.958618,-83.2402
"1668",140564407010478,29.341102,-82.903206
"1669",140566499010478,30.263127,-84.856154
"1670",140571206010478,30.244025,-85.433283
"1671",140573793010478,30.562569,-85.324274
"1672",140575577010478,28.941644,-82.458118
"1673",140580515010478,29.878175,-82.70303
"1674",140595038010478,26.895197,-80.31288
"1675",140595787010478,28.401007,-82.109824
"1676",146777737010478,33.277242,-79.465895
